Name,Type,Location,Reservation,Coat Check,Cover,Price,Stars,Link,Reviews
Tao's,Asian Skincare,Newbury,,,,,,https://taosbeauty.com/,
Firends ad Family,Vintage,Cambridge,,,,,,https://www.instagram.com/friendsandfamilycambridge/?hl=en,
Glass Ripples,Home ,Cambridge,,,,,,https://glassripples.com/,
2nd Street USA,Vintage,Burlington Mall,,,,,,https://2ndstreetusa.com/ ,
ModHaus,Vintage Home,Peabody,,,,,,https://www.1stdibs.com/dealers/modhaus/ ,
Cambridge Antique Market,Vintage Home,Cambridge,,,,,,https://www.cambridgeantiquemarket.com/ ,
ReMARKable Cleanouts,Vintage Home,Norwood,,,,,,https://remarkablecleanouts.com/ ,
Salvage Angel,Vintage,Norwood,,,,,,https://www.instagram.com/salvage.angel/?hl=en ,
