subChoice,Name,Type,Location,Reservation,Coat Check,Cover,Price,Stars,Link,Reviews
Brunch,Broadway,Brunch,Southie,Yes,,,$$,,https://www.thebroadwaysouthboston.com/,
Brunch,Playwright,Brunch,Southie,Yes,,,$$,,https://www.theplaywrightbar.com/,
Brunch,Capo,Brunch,Southie,Yes,,,$$,,https://www.caposouthboston.com/,
Brunch,Lincoln,Brunch,Southie,Yes,,,$$,,https://www.lincolnsouthboston.com/,
Brunch,North Street Grille,Brunch,North end ,Yes,,,$$,,https://bestbrunchboston.com/,
Brunch,Parla ,Brunch,North end ,,,,$$,,https://www.parlaboston.com/,
Brunch,Rochambeau,Brunch,Back Bay ,Yes,,,$$,,https://www.rochambeauboston.com/,
Brunch,Friendly Toast,Brunch,Back Bay ,Yes,,,$$,,https://thefriendlytoast.com/,
Brunch,Trident Books Cafe,Brunch,Newbury,Yes,,,$$,,https://www.tridentbookscafe.com/,
Brunch,Committee,Brunch,Seaport,Yes,,,$$$,,https://committeeboston.com/?utm_source=google&utm_medium=organic&utm_campaign=Google_My_Business,
Brunch,Aquitaine,Brunch,South end,Yes,,,$$,,https://www.aquitaineboston.com/,
Brunch,The Beehive,Brunch,South end,,,,$$,,https://www.beehiveboston.com/,
Brunch,Milkweed,Brunch,Mission Hill,No,,,$$,,https://www.eatatmilkweed.com/,
Brunch,The Dial,Brunch,Cambridge,,,,,,https://www.thedialcentralsq.com/,
Brunch,Source ,Brunch,Cambridge,,,,$$,,https://sourcerestaurants.com/,
Brunch,Grana at The Langham,Brunch,Financial District,Yes,,,,,https://www.langhamhotels.com/en/the-langham/boston/dining/grana/,
Brunch,The Paramount,Brunch,Beacon Hill,No,,,$$,,https://www.paramountboston.com,
Brunch,Bowery Bar,Brunch,Dorchester,,,,$$,,https://www.bowery-bar.com/,
Brunch,Little Luna Cafe,Brunch,Cambridge,,,,,,https://www.littlelunacafe.com/ ,
