subChoice,Name,Type,Location,Reservation,Coat Check,Cover,Price,Stars,Link,Reviews
Cafes/Bakeries,Tatte Bakery,Coffee shop,Multiple locations,,,,,,https://tattebakery.com/,
Cafes/Bakeries,Pavement Coffee,Coffee shop,Multiple locations,,,,,,https://pavementcoffeehouse.com,
Cafes/Bakeries,La Colombe Cafe,Coffee shop,Multiple locations,,,,,,https://www.lacolombe.com,
Cafes/Bakeries,Life Alive Organic Cafe ,Coffee shop,Multiple locations,,,,,,https://www.lifealive.com/,
Cafes/Bakeries,Flour Bakery,Coffee shop,Multiple locations,,,,,,https://www.flourbakery.com/,
Cafes/Bakeries,Thinking Cup,Coffee shop,Multiple Locations,,,,,,http://thinkingcup.com/,
Cafes/Bakeries,Revival Cafe+Kitchen,Coffee shop,Multiple Locations,,,,,,https://www.revivalcafeandkitchen.com/,
Cafes/Bakeries,Blue Bottle Coffee,Coffee shop,Multiple locations,,,,,,https://bluebottlecoffee.com/,
Cafes/Bakeries,Beacon Hill Books & Cafe,High Tea,Beacon Hill,,,,,,https://www.bhbooks.com,
Cafes/Bakeries,Blank Street,Coffee shop,Beacon Hill,,,,,,https://www.blankstreet.com/,
Cafes/Bakeries,Caffe Vittoria,Coffee shop,North end,,,,,,https://www.caffevittoria.com/,
Cafes/Bakeries,Bova's Bakery,Bakery,North end,,,,,,http://bovabakeryboston.net/,
Cafes/Bakeries,Pink Carrot,Juice Cafe,North end,,,,,,https://linktr.ee/PinkCarrot,
Cafes/Bakeries,Jonquils Cafe & Bakery,Coffee and Bakery,Newbury,,,,,,https://jonquilscafe.com,
Cafes/Bakeries,BitterSweet Shoppe,Coffee shop,Newbury,,,,,,https://www.bittersweetnewbury.com/ ,
Cafes/Bakeries,Tradesmen,Coffee shop,Downtown ,,,,,,https://www.tradesmanboston.com/,
Cafes/Bakeries,George Howell,Coffee shop,Downtown ,,,,,,https://georgehowellcoffee.com,
Cafes/Bakeries,Gracenote Coffee,Coffee shop,Downtown ,,,,,,https://www.gracenotecoffee.com,
Cafes/Bakeries,Phin Coffee House ,Coffee shop,Downtown ,,,,,,https://www.phincoffeehouse.com/,
Cafes/Bakeries,Ogawa,Coffee shop,Downtown ,,,,,,https://www.ogawacoffeeusa.com/,
Cafes/Bakeries,Kane Donuts,Donut shop,Financial District,,,,,,https://www.kanesdonuts.com/,
Cafes/Bakeries,Cafe Susu,Coffee shop,Back Bay ,,,,,,https://cafesusu.square.site/,
Cafes/Bakeries,Jaho,Coffee shop,Back Bay ,,,,,,https://www.jaho.com/,
Cafes/Bakeries,Farmer Horse Coffee,Coffee shop,Back Bay ,,,,,,https://instagram.com/farmershorse?igshid=MWI4MTIyMDE=,
Cafes/Bakeries,Greystone,Coffee shop,South end,,,,,,https://www.greystonecafe.com/,
Cafes/Bakeries,South End Buttery ,Coffee shop,South end,,,,,,https://www.southendbuttery.com/,
Cafes/Bakeries,Mike & Patty's,Bakery,South end,,,,,,https://www.mikeandpattys.com,
Cafes/Bakeries,Brick Street Bagel,Bakery,South end,,,,,,https://www.instagram.com/brick.street.bagels/?hl=en  ,
Cafes/Bakeries,Phinista Cafe,Coffee shop,Fenway,,,,,,https://www.phinista.com,
Cafes/Bakeries,Vester Cafe ,Coffee shop,Cambridge,,,,,,https://www.vestercafe.com/,
Cafes/Bakeries,Curio Coffee,Coffee shop,Cambridge,,,,,,https://instagram.com/curiocoffee?igshid=MWI4MTIyMDE=,
Cafes/Bakeries,Bagelsaurus,Bakery,Cambridge,,,,,,https://www.bagelsaurus.com/,
Cafes/Bakeries,Black Sheep Bagel Cafe,Bakery,Cambridge,,,,,,https://www.blacksheepbagelcafe.com/ ,
Cafes/Bakeries,Lakon Paris Patisserie Seaport,Coffee shop,Southie,,,,,,https://lakonparis.com/,
Cafes/Bakeries,Cannonball Cafe,Coffee shop,Southie,,,,,,https://www.cannonballcafe.com/,
Cafes/Bakeries,Olga's Kafe,Coffee shop,Southie,,,,,,https://olgaskafe.com/ ,
Cafes/Bakeries,Better bagels,Bakery,Seaport,,,,,,https://www.betterbagelsboston.com/,
Cafes/Bakeries,Gunther Tooties,Bakery,Quincy,,,,,,https://www.gunthertooties.com/ ,
Cafes/Bakeries,Niveaux Pâtisserie,Bakery,Quincy,,,,,,https://www.instagram.com/niveaux.patisserie/?hl=en ,
Cafes/Bakeries,Kupel's Bakery,Bakery,Brookline,,,,,,https://www.kupelsbakery.com/ ,
Cafes/Bakeries,The Bagel Table,Bakery,Chestnut Hill,,,,,,https://mybageltable.com/ ,
Cafes/Bakeries,Mochinut,Bakery,Allston,,,,,,https://www.mochinut.com/,
Cafes/Bakeries,Mother Juice ,Juice Bar,Multiple Locations,,,,,,https://www.motherjuice.com/,
Cafes/Bakeries,American Provisions,Sandwiches ,Multiple Locations,,,,,,https://www.instagram.com/americanprovisions/?hl=en,
Cafes/Bakeries,The VU,Coffee shop,Jamaica Plain,,,,,,https://thevuinjp.com/,
Cafes/Bakeries,Colette Bakery,Coffee shop,Medford,,,,,,https://www.colettebakery.com/ ,
