Name,Type,Location,Reservation,Coat Check,Cover,Price,Stars,Link,Reviews
Lolita,Mexican,Back Bay/Seaport,Yes,,,$$-$$$,,https://www.lolitamexican.com/,
Contessa ,Italian,Back Bay,Yes,,,$$$$,,https://www.contessatrattoria.com/,
Citrus and Salt,Mexican,Back Bay ,Yes,,,$$-$$$,,https://www.citrusandsaltboston.com/,
Saltie Girl,Seafood,Back Bay,Yes,,,$$$,,https://www.saltiegirl.com/,
Krasi,Greek,Back Bay,Yes,,,$$$,,https://krasiboston.com/,
Zuma,Japanese,Back Bay Four Seasons,Yes,,,$$$$,,https://zumarestaurant.com/,
Grill 23 & Bar ,Steakhouse,Back Bay,Yes,,,$$$$,,https://grill23.com/,
Buttermilk & Bourbon,American Southern,Back Bay,,,,$$-$$$,,https://www.buttermilkbourbon.com/,
Ramsay's Kitchen by Gordon Ramsay,British American,Back Bay,,,,$$$,,https://www.gordonramsayrestaurants.com/en/us/ramsays-kitchen,
La Padrona,Italian,Back Bay Raffles Boston,,,,,,https://www.raffles.com/boston/dining/la-padrona/,
Shore Leave,Tiki Asian Fusion,Back Bay,Yes,,,$$-$$$,,https://www.shoreleaveboston.com,
Cafe Sauvage,French,Back Bay,,,,$$-$$$,,https://www.cafesauvage.com/,
Douzo,Japanese,Back Bay,,,,$$-$$$,,https://douzosushi.com/,
Deuxave,French,Back Bay,,,,$$$$,,https://www.deuxave.com/,
Salty Pig ,Italian Pizza,Back Bay,,,,$$-$$$,,https://www.thesaltypig.com/,
Select Oyster Bar,Seafood,Back Bay,,,,$$$,,http://www.selectboston.com/,
NEW: D16,Cocktail bar,Back Bay,,,,,,https://www.d16boston.com/,
Sorellina,Italian,Back Bay,,,,,,https://sorellinaboston.com/ ,
Abe & Louie's,Steakhouse,Back Bay,,,,,,https://abeandlouies.com/,
The Street Bar,American,Newbury,,,,,,https://www.thenewburyboston.com/dine/street-bar,
Crazy Good Kitchen,American,Newbury,No,,,$$$,,https://www.crazygoodkitchen.com/,
Eva,Mediterranean,Newbury,,,,$$-$$$,,https://www.evaboston.com,
Faccia a Faccia,Italian,Newbury,Yes,,,$$$,,https://facciaafacciaboston.com,
Puro ceviche,Peruvian Seafood,Newbury,,,,$$-$$$,,https://www.purocevichebar.com/,
Thai Basil,Thai,Newbury,,,,,,https://www.thaibasilma.com/,
Earls,American ,Multiple locations,,,,$$-$$$,,https://earls.ca/locations/prudential/,
Terra ,Italian,Prudential Eataly,Yes,,,$$-$$$,,https://www.eataly.com/us_en/stores/boston/terra/,
Yvonne ,"American, Fusion",Downtown,Yes,,,$$$$,,https://www.yvonnesboston.com/,
Mariel,Cuban,Downtown,Yes,,,$$$,,https://www.marielofficial.com/,
Blu,American,Downtown,Yes,,,$$$,,http://www.blurestaurant.com/,
Ruka Restrobar,Japanese Peruvian,Downtown,,,,$$$,,https://www.rukarestobar.com/,
Bogies Place,American,Downtown,No,,,$$,,http://bogiesplace.com/bogiesplace/,
Wig Shop,American,Downtown,No,,,$$,,https://www.wigshopboston.com,
French Quarter,American Southern,Downtown,,,,$$-$$$,,https://frenchquarterboston.com/,
Sushi @ Temple Records,Sushi,Downtown,,,,,,https://www.sushiattemplerecords.com/ ,
Somaek Korean,Korean,Downtown,,,,,,https://www.somaek.com/,
o ya,Japanese,Downtown,,,,,,https://www.o-ya.restaurant/location/o-ya-boston/,
Hei La Moon,Dim Sum,Chinatown,No,,,$$,,https://www.heilamoonrestaurant.com/,
Dumpling Cafe,Chinese,Chinatown,No,,,$$,,https://www.dumplingcafeboston.com/,
Mija Cantina,Mexican,Faneuil hall ,,,,$$,,https://www.mijaboston.com/,
Roxanne,Cocktail bar,Beacon Hill,Yes,,,$$$,,https://www.roxannesboston.com/,
Figs ,Pizza Italian,Beacon Hill,,,,$$-$$$,,https://www.opentable.com/r/figs-by-todd-english-beacon-hill-boston,
Florina,Pizza,Beacon Hill,,,,$$-$$$,,https://www.florinapizza.com/,
Scampo at the Liberty Hotel,Italian Seafood,West End Liberty Hotel,Yes,,,$$$$,,https://www.scampoboston.com/,
Clink,American,West End Liberty Hotel,Yes,,,$$$,,http://www.clinkboston.com/menu,
Banners,Sports bar,West End,,,,$$,,https://www.patinagroup.com/banners,
1928 Beacon Hill,American,Beacon Hill,Yes,,,$$$,,https://www.1928beaconhill.com,
Toscano,Italian,Multiple locations,,,,,,https://www.toscanoboston.com/,
Mooo…,Steakhouse,Beacon Hill Seaport,Yes,,,$$$$,,https://www.mooorestaurant.com/,
Pink Taco,Mexican,Seaport,,,,$$,,https://pinktaco.com/,
Coquette,French,Seaport,Yes,,,$$$,,https://www.frenchcoquette.com/,
Barking Crab,Seafood,Seaport,,,,$$,,http://barkingcrab.com/,
Bar Taco,Mexican,Seaport,No,,,$$,,https://bartaco.com/,
Lola 42,Japanese Sushi,Seaport,Yes,,,$$$$,,https://www.lola42.com/,
Row 34,Seafood,Seaport,Yes,,,$$$,,https://www.row34.com/,
Empire,Asian Fusion,Seaport,Yes,,,$$$,,https://www.empireboston.com/,
NEW: Marcelino’s Seaport,Cocktail bar,Seaport,,,,,,https://www.marcelinosboutiquebar.com/ ,
SAVR,American,Seaport,,,,,,https://savrtm.com/,
75 on Liberty ,American,Seaport,,,,,,https://www.75onlibertywharf.com/ ,
Mr. H,Chinese,Seaport,,,,,,https://www.mrhchinese.com/,
Nautilus Pier 4,Asian fusion,Seaport,,,,,,https://www.thenautilus.com/boston/ ,
Carmelina's ,Italian,North end,Yes,,,$$-$$$,,https://carmelinasboston.com/,
Bricco,Italian,North end,,,,$$$,,https://bricco.com/,
Florentine,Italian,North end,,,,$$-$$$,,https://www.florentinecafeboston.com/,
Strega,Italian Steakhouse,North end,Yes,,,$$$$,,https://stregabynickvarano.com/,
Ward 8,American,North end,,,,$$$,,http://www.ward8.com/,
Forcellas,Italian,North end,,,,$$-$$$,,https://www.forcellaboston.com/,
Ciao Roma,Italian,North end,,,,$$-$$$,,https://www.ciaoromanorthend.com/,
Wiked Craft Co,American,North end,,,,$$,,https://www.wickedcraftco.com/,
Trattoria il Panino,Italian,North end,,,,$$-$$$,,https://trattoriailpanino.com/,
Neptune oyster,Seafood,North end,,,,$$$,,https://www.neptuneoyster.com/,
Chart House,Seafood,North end,,,,$$,,https://www.chart-house.com/location/chart-house-boston-ma/,
Monicas,Italian,North end,,,,$$-$$$,,https://monicastrattoriaboston.com/ ,
The Red Fox,"Italian
Speakeasy",North end,,,,,,https://www.redfoxnorthend.com/,
Vinoteca di Monica,Italian,North end,,,,$$-$$$,,https://www.monicasboston.com/ ,
Mare Oyster Bar,Seafood,North end,,,,$$-$$$,,https://mareoysterbar.com/,
Boston Sail Loft,Seafood,North end,,,,,,https://www.thebostonsailloft.com/,
Time Out Market ,Various,Fenway,No,,,$$,,https://www.timeoutmarket.com/boston/,
Uni,Japanese Sushi,Fenway,,,,$$$$,,https://uni-boston.com/,
Blue Ribbon Sushi,Sushi,Fenway,,,,,,https://www.blueribbonsushikenmore.com/,
Toro,Spanish Tapas,South end,,,,$$$,,https://www.toro-restaurant.com/,
Barcelona Wine Bar,Spanish Tapas,South end Brookline,Yes,,,$$-$$$,,https://barcelonawinebar.com/,
Frenchie Wine,French,South end,Yes,,,$$$,,https://www.frenchieboston.com/,
Burro Bar,Mexican,South end Brookline,,,,$$,,https://www.burrobarboston.com/,
Yellow Door Taqueria,Mexican,South end,,,,$$,,https://www.yellowdoortaqueria.com/,
ilona,Mediterranean ,South end,,,,$$$,,https://ilonasouthend.com/  ,
Oishii Bostom,Japanese,South end,,,,$$$$,,https://www.oishiiboston.com,
Mida,Italian,South end,,,,$$$,,https://midarestaurant.com/,
SRV,Italian,South end,,,,$$$,,http://www.srvboston.com/,
Coppa,Italian,South end,,,,$$$,,https://www.coppaboston.com/?utm_source=google&utm_medium=profile&utm_campaign=local-coppa&utm_content=website,
Myers & Chang,Chinese,South end,,,,$$$,,https://www.myersandchang.com/,
Doña Habana,Cuban,South end,,,,$$,,http://donahabanarestaurant.com,
Black Lamb,American,South end,,,,$$,,https://www.blacklambsouthend.com,
Casa Giacomos,Italian,South end,,,,$$-$$$,,https://www.casagiacomos.com,
Banyan,Asian Fusion,South end,,,,$$$,,https://www.banyanboston.com,
El Centro,Mexican,South end,,,,$$,,https://www.elcentroinboston.com,
Petit Robert Bistro,French,South end,,,,,,https://www.petitrobertbistro.com/,
Gigi,Italian,South end,,,,,,https://www.instagram.com/gigisouthend/?hl=en,
KAVA Neo-Taverna,Greek,South end,,,,$$$,,https://kavaneotaverna.com,
Mistral,French,South end,,,,,,https://mistralbistro.com/,
Desnuda cocina & bar,Latin Asian,South end,,,,,,https://desnudacocina.com/ ,
 Kaia,Greek,South end,,,,,,https://www.kaiasouthend.com/ ,
Desnuda cocina & bar,Asian Speakeasy,South end,,,,,,https://desnudacocina.com/ ,
Petula's,American,South end,,,,$$,,https://www.petulasboston.com/,
Reunion BBQ,Barbecue,South end,,,,,,https://www.reunionbbqboston.com/,
Yunnan Kitchen,Chinese,South end,,,,,,https://www.yunnankitchensouthend.com/,
Capo,Italian,Southie,Yes,,,$$-$$$,,https://www.caposouthboston.com/,
Lincoln,American,Southie,Yes,,,$$-$$$,,https://www.lincolnsouthboston.com/,
Publico,Latin ,Southie,,,,$$-$$$,,https://www.publicoboston.com/,
Fat Baby,Asian Fusion,Southie,,,,$$,,https://fatbabysouthboston.com/,
Loco,Mexican,Southie,Yes,,,$$,,https://locosouthboston.com/,
Hunters,American,Southie,,,,$$-$$$,,https://www.hunterssouthboston.com,
Gray's Hall,Wine Bar,Southie,,,,,,https://www.grayshall.com/,
Mystique,Asian Fusion,Encore,,,,$$$$,,https://www.encorebostonharbor.com/dining-and-nightlife/dining/mystique,
Oleana ,Mediterranean ,Cambridge,,,,$$$$,,https://www.oleanarestaurant.com/,
Harvest,American,Cambridge,,,,$$$,,https://www.harvestcambridge.com/,
Arden & Harlow,American,Cambridge,,,,$$$,,https://www.aldenharlow.com/,
Gustazo,Cuban,Cambridge,,,,$$,,https://www.gustazo-cubancafe.com/cambridge/,
Waypoint,Seafood,Cambridge,,,,$$$,,https://www.waypointharvard.com/,
Margeaux Supper Parlor,American,Cambridge,,,,,,https://www.margeauxsupperparlor.com/ ,
Sarma,Mediterranean ,Somerville ,,,,$$,,https://www.sarmarestaurant.com/,
Field & Vine,American ,Somerville ,,,,$$,,https://www.fieldandvinesomerville.com/,
Sarma ,Mediterranean ,Somerville ,,,,,,https://www.sarmarestaurant.com/,
Salt + Stone,Seafood,Assembly Row,,,,$$,,https://saltandstoneboston.com,
Casa Verde,Mexican,Jamaica Plain,,,,$$,,http://www.casaverdejp.com,
Tres Gatos,Spanish Tapas,Jamaica Plain,,,,$$,,http://www.tresgatosjp.com ,
Tonino,Italian,Jamaica Plain,,,,,,https://www.toninojp.com/,
Rinos Place,Italian,East Boston,,,,$$,,http://rinosplace.com/,
Pazza on the Porter,Italian,East Boston,,,,$$,,https://www.pazzaonporter.com/,
Taquería Jalisco,Mexican,East Boston,No,,,$$,,https://instagram.com/taqueriajaliscoeb?igshid=MWI4MTIyMDE=,
Lucy's American Tavern,American,Dorchester,No,,,$$,,https://www.lucysamericantavern.com/ ,
Mochinut,Dessert Korean,Multiple locations,No,,,$$,,https://www.mochinut.com/,
Rubato,Asian ,Quincy,,,,$,,https://www.rubato-food.com/,
Chili Square,Chinese,Quincy,,,,$,,,
Cucina Mia Cafe & Deli,Deli,Quincy,No,,,,,https://www.cucinamiacafe.com/ ,
Wei Shu Wu Hot Pot,Chinese,Quincy,,,,,,,
Cloud Asian Fusion & Bar,Asian ,Quincy,,,,$$,,https://www.cloudfusionbar.com/,
H Mart Food Court,Asian ,Quincy,,,,,,https://www.hmart.com/store/quincy-ma-02169/f7c42f63-9d8a-442a-a782-b5c159795217,
Prima,Italian,Charlestown,Yes,,,,,https://www.primaboston.com/,
